-- phpMyAdmin SQL Dump
-- version 4.9.2
-- https://www.phpmyadmin.net/
--
-- Host: 127.0.0.1
-- Waktu pembuatan: 02 Jul 2023 pada 17.30
-- Versi server: 10.4.10-MariaDB
-- Versi PHP: 7.3.12

SET SQL_MODE = "NO_AUTO_VALUE_ON_ZERO";
SET AUTOCOMMIT = 0;
START TRANSACTION;
SET time_zone = "+00:00";


/*!40101 SET @OLD_CHARACTER_SET_CLIENT=@@CHARACTER_SET_CLIENT */;
/*!40101 SET @OLD_CHARACTER_SET_RESULTS=@@CHARACTER_SET_RESULTS */;
/*!40101 SET @OLD_COLLATION_CONNECTION=@@COLLATION_CONNECTION */;
/*!40101 SET NAMES utf8mb4 */;

--
-- Database: `db_topsis_mandala`
--

-- --------------------------------------------------------

--
-- Struktur dari tabel `tb_batas_kontrak`
--

CREATE TABLE `tb_batas_kontrak` (
  `id_batas_kontrak` varchar(15) NOT NULL,
  `nilai_batas` int(11) DEFAULT NULL
) ENGINE=InnoDB DEFAULT CHARSET=latin1;

--
-- Dumping data untuk tabel `tb_batas_kontrak`
--

INSERT INTO `tb_batas_kontrak` (`id_batas_kontrak`, `nilai_batas`) VALUES
('B00001', 5);

-- --------------------------------------------------------

--
-- Struktur dari tabel `tb_bobot`
--

CREATE TABLE `tb_bobot` (
  `nilai_bobot` int(11) NOT NULL,
  `keterangan` varchar(25) NOT NULL
) ENGINE=InnoDB DEFAULT CHARSET=utf8mb4;

--
-- Dumping data untuk tabel `tb_bobot`
--

INSERT INTO `tb_bobot` (`nilai_bobot`, `keterangan`) VALUES
(1, 'Sangat Rendah'),
(2, 'Rendah'),
(3, 'Cukup'),
(4, 'Tinggi'),
(5, 'Sangat Tinggi');

-- --------------------------------------------------------

--
-- Struktur dari tabel `tb_hasil_penilaian`
--

CREATE TABLE `tb_hasil_penilaian` (
  `id_hasil` varchar(15) NOT NULL,
  `id_karyawan` varchar(15) DEFAULT NULL,
  `id_batas_kontrak` varchar(15) DEFAULT NULL,
  `nilai` float DEFAULT NULL,
  `tgl_penilaian` datetime DEFAULT NULL
) ENGINE=InnoDB DEFAULT CHARSET=latin1;

-- --------------------------------------------------------

--
-- Struktur dari tabel `tb_karyawan_kontrak`
--

CREATE TABLE `tb_karyawan_kontrak` (
  `id_karyawan` varchar(15) NOT NULL,
  `id_unit` varchar(6) DEFAULT NULL,
  `nm_karyawan` varchar(25) DEFAULT NULL,
  `alamat_karyawan` varchar(300) DEFAULT NULL,
  `no_karyawan` varchar(15) DEFAULT NULL,
  `jenis_kelamin` enum('LAKI-LAKI','PEREMPUAN') DEFAULT NULL,
  `tgl_masuk` date DEFAULT NULL,
  `tgl_kontrak` date DEFAULT NULL
) ENGINE=InnoDB DEFAULT CHARSET=latin1;

--
-- Dumping data untuk tabel `tb_karyawan_kontrak`
--

INSERT INTO `tb_karyawan_kontrak` (`id_karyawan`, `id_unit`, `nm_karyawan`, `alamat_karyawan`, `no_karyawan`, `jenis_kelamin`, `tgl_masuk`, `tgl_kontrak`) VALUES
('T2300001', 'A00001', 'Ahmad Adi Pura', 'Kudus', '085324786789', 'LAKI-LAKI', '2020-11-18', '2020-11-01'),
('T2300002', 'A00001', 'Dzulfikar ', 'Jepara', '089879879823', 'PEREMPUAN', '2020-11-18', '2020-11-01'),
('T2300003', 'A00001', 'M Bahrul Ulum', 'Kudus', '085324786789', 'LAKI-LAKI', '2020-11-18', '2020-11-01'),
('T2300004', 'A00001', 'Inggit Putri Lestari', 'Kudus', '085324786789', 'PEREMPUAN', '2020-11-18', '2020-11-01'),
('T2300005', 'A00001', 'Jama\'ah', 'Kudus', '085324786789', 'LAKI-LAKI', '2020-11-18', '2020-11-01'),
('T2300006', 'A00001', 'Slamet A', 'Kudus', '085324786789', 'PEREMPUAN', '2020-11-18', '2020-11-01'),
('T2300007', 'A00001', 'Sunardi', 'Kudus', '085324786789', 'LAKI-LAKI', '2020-11-18', '2020-11-01'),
('T2300008', 'A00001', 'Rohman', 'Kudus', '085324786789', 'PEREMPUAN', '2020-11-18', '2020-11-01'),
('T2300009', 'A00001', 'Suwarno', 'Kudus', '085324786789', 'LAKI-LAKI', '2020-11-18', '2020-11-01'),
('T2300010', 'A00001', 'Noor Khalim', 'Kudus', '085324786789', 'PEREMPUAN', '2020-11-18', '2020-11-01'),
('T2300011', 'A00001', 'Umbarwanto', 'Kudus', '085324786789', 'LAKI-LAKI', '2020-11-18', '2020-11-01'),
('T2300012', 'A00001', 'Juhadi', 'Kudus', '085324786789', 'PEREMPUAN', '2020-11-18', '2020-11-01'),
('T2300013', 'A00001', 'Masturi', 'Kudus', '085324786789', 'LAKI-LAKI', '2020-11-18', '2020-11-01'),
('T2300014', 'A00001', 'Moch Sholeh', 'Kudus', '085324786789', 'PEREMPUAN', '2020-11-18', '2020-11-01'),
('T2300015', 'A00001', 'Kusnanto', 'Kudus', '085324786789', 'LAKI-LAKI', '2020-11-18', '2020-11-01'),
('T2300016', 'A00001', 'Achmad Hafidhi', 'Kudus', '085324786789', 'PEREMPUAN', '2020-11-18', '2020-11-01'),
('T2300017', 'A00001', 'Aan Junianto', 'Kudus', '085324786789', 'LAKI-LAKI', '2020-11-18', '2020-11-01'),
('T2300018', 'A00001', 'Khandiq', 'Kudus', '085324786789', 'PEREMPUAN', '2020-11-18', '2020-11-01'),
('T2300019', 'A00001', 'Arifin', 'Kudus', '085324786789', 'LAKI-LAKI', '2020-11-18', '2020-11-01'),
('T2300020', 'A00001', 'Usfika', 'Kudus', '085324786789', 'PEREMPUAN', '2020-11-18', '2020-11-01'),
('T2300021', 'A00001', 'Hamzah Asmawi', 'Kudus', '085324786789', 'LAKI-LAKI', '2020-11-18', '2020-11-01'),
('T2300022', 'A00001', 'Bram Panji Saputra', 'Kudus', '085324786789', 'PEREMPUAN', '2020-11-18', '2020-11-01'),
('T2300023', 'A00001', 'Slamet B', 'Kudus', '085324786789', 'LAKI-LAKI', '2020-11-18', '2020-11-01'),
('T2300024', 'A00001', 'Aminudin Azis', 'Kudus', '085324786789', 'PEREMPUAN', '2020-11-18', '2020-11-01'),
('T2300025', 'A00001', 'Subur', 'Kudus', '085324786789', 'LAKI-LAKI', '2020-11-18', '2020-11-01'),
('T2300026', 'A00001', 'Himatul Faud', 'Kudus', '085324786789', 'PEREMPUAN', '2020-11-18', '2020-11-01'),
('T2300027', 'A00001', 'Siswo', 'Kudus', '085324786789', 'LAKI-LAKI', '2020-11-18', '2020-11-01'),
('T2300028', 'A00001', 'Bagus Rozaq', 'Kudus', '085324786789', 'PEREMPUAN', '2020-11-18', '2020-11-01'),
('T2300029', 'A00001', 'Warsito', 'Kudus', '085324786789', 'LAKI-LAKI', '2020-11-18', '2020-11-01'),
('T2300030', 'A00001', 'Slamet C', 'Kudus', '085324786789', 'PEREMPUAN', '2020-11-18', '2020-11-01'),
('T2300031', 'A00001', 'Kusnan', 'Kudus', '085324786789', 'LAKI-LAKI', '2020-11-18', '2020-11-01'),
('T2300032', 'A00001', 'Muhammad Jaunaedi', 'Kudus', '085324786789', 'PEREMPUAN', '2020-11-18', '2020-11-01'),
('T2300033', 'A00001', 'Adi Prasetyo', 'Kudus', '085324786789', 'LAKI-LAKI', '2020-11-18', '2020-11-01'),
('T2300034', 'A00001', 'Zaenal Abidin', 'Kudus', '085324786789', 'PEREMPUAN', '2020-11-18', '2020-11-01'),
('T2300035', 'A00001', 'Adi Suandono', 'Kudus', '085324786789', 'LAKI-LAKI', '2020-11-18', '2020-11-01'),
('T2300036', 'A00001', 'Bambang Irawan', 'Kudus', '085324786789', 'PEREMPUAN', '2020-11-18', '2020-11-01'),
('T2300037', 'A00001', 'Khoirul Rozikin', 'Kudus', '085324786789', 'LAKI-LAKI', '2020-11-18', '2020-11-01'),
('T2300038', 'A00001', 'Rahmat Hidayartullah', 'Kudus', '085324786789', 'PEREMPUAN', '2020-11-18', '2020-11-01'),
('T2300039', 'A00001', 'Sumarno', 'Kudus', '085324786789', 'LAKI-LAKI', '2020-11-18', '2020-11-01'),
('T2300040', 'A00001', 'Makhidi Arif', 'Kudus', '085324786789', 'PEREMPUAN', '2020-11-18', '2020-11-01'),
('T2300041', 'A00001', 'Muhammad Wahyudi', 'Kudus', '085324786789', 'LAKI-LAKI', '2020-11-18', '2020-11-01'),
('T2300042', 'A00001', 'Yogie Adam Pratama', 'Kudus', '085324786789', 'PEREMPUAN', '2020-11-18', '2020-11-01'),
('T2300043', 'A00001', 'Afif Prasetyo', 'Kudus', '085324786789', 'LAKI-LAKI', '2020-11-18', '2020-11-01'),
('T2300044', 'A00001', 'Abdussalam Fakhih', 'Kudus', '085324786789', 'PEREMPUAN', '2020-11-18', '2020-11-01'),
('T2300045', 'A00001', 'Juniana', 'Kudus', '085324786789', 'LAKI-LAKI', '2020-11-18', '2020-11-01'),
('T2300046', 'A00001', 'Indayani', 'Kudus', '085324786789', 'PEREMPUAN', '2020-11-18', '2020-11-01'),
('T2300047', 'A00001', 'Mariya Ulfa', 'Kudus', '085324786789', 'LAKI-LAKI', '2020-11-18', '2020-11-01'),
('T2300048', 'A00001', 'Emi Anjarwati', 'Kudus', '085324786789', 'PEREMPUAN', '2020-11-18', '2020-11-01'),
('T2300049', 'A00001', 'Zaetun', 'Kudus', '085324786789', 'LAKI-LAKI', '2020-11-18', '2020-11-01'),
('T2300050', 'A00001', 'Puji Rahayu', 'Kudus', '085324786789', 'PEREMPUAN', '2020-11-18', '2020-11-01'),
('T2300051', 'A00001', 'Suwarsih', 'Kudus', '085324786789', 'LAKI-LAKI', '2020-11-18', '2020-11-01'),
('T2300052', 'A00001', 'Endang Retnowati', 'Kudus', '085324786789', 'PEREMPUAN', '2020-11-18', '2020-11-01'),
('T2300053', 'A00001', 'Sutiyanah ', 'Kudus', '085324786789', 'LAKI-LAKI', '2020-11-18', '2020-11-01'),
('T2300054', 'A00001', 'Farida Pusmawani', 'Kudus', '085324786789', 'PEREMPUAN', '2020-11-18', '2020-11-01');

-- --------------------------------------------------------

--
-- Struktur dari tabel `tb_kriteria`
--

CREATE TABLE `tb_kriteria` (
  `id_kriteria` varchar(15) NOT NULL,
  `nm_kriteria` varchar(50) DEFAULT NULL,
  `bobot_kriteria` int(11) DEFAULT NULL,
  `jenis_kriteria` enum('BENEFIT','COST') DEFAULT NULL
) ENGINE=InnoDB DEFAULT CHARSET=latin1;

--
-- Dumping data untuk tabel `tb_kriteria`
--

INSERT INTO `tb_kriteria` (`id_kriteria`, `nm_kriteria`, `bobot_kriteria`, `jenis_kriteria`) VALUES
('K00001', 'Lokasi Jarak Rumah (Km)', 4, 'COST'),
('K00002', 'Pengalaman Kerja Sebelumnya', 5, 'BENEFIT'),
('K00003', 'Total Izin Selama Kerja (Hari)', 4, 'COST'),
('K00004', 'Nilai Akhir Sekolah', 3, 'BENEFIT'),
('K00005', 'Penilaian Kinerja (Skor: 1-10)', 3, 'BENEFIT');

-- --------------------------------------------------------

--
-- Struktur dari tabel `tb_penilaian_karyawan`
--

CREATE TABLE `tb_penilaian_karyawan` (
  `id_penilaian_karyawan` varchar(15) NOT NULL,
  `id_karyawan` varchar(15) DEFAULT NULL,
  `id_kriteria` varchar(15) DEFAULT NULL,
  `nilai_kriteria` int(11) DEFAULT NULL
) ENGINE=InnoDB DEFAULT CHARSET=latin1;

--
-- Dumping data untuk tabel `tb_penilaian_karyawan`
--

INSERT INTO `tb_penilaian_karyawan` (`id_penilaian_karyawan`, `id_karyawan`, `id_kriteria`, `nilai_kriteria`) VALUES
('N2306000001', 'T2300001', 'K00001', 15),
('N2306000002', 'T2300002', 'K00001', 8),
('N2306000003', 'T2300003', 'K00001', 4),
('N2306000004', 'T2300004', 'K00001', 20),
('N2306000005', 'T2300005', 'K00001', 5),
('N2306000006', 'T2300006', 'K00001', 5),
('N2306000007', 'T2300007', 'K00001', 10),
('N2306000008', 'T2300008', 'K00001', 16),
('N2306000009', 'T2300009', 'K00001', 4),
('N2306000010', 'T2300010', 'K00001', 8),
('N2306000011', 'T2300011', 'K00001', 9),
('N2306000012', 'T2300012', 'K00001', 10),
('N2306000013', 'T2300013', 'K00001', 3),
('N2306000014', 'T2300014', 'K00001', 6),
('N2306000015', 'T2300015', 'K00001', 7),
('N2306000016', 'T2300016', 'K00001', 9),
('N2306000017', 'T2300017', 'K00001', 16),
('N2306000018', 'T2300018', 'K00001', 6),
('N2306000019', 'T2300019', 'K00001', 14),
('N2306000020', 'T2300020', 'K00001', 14),
('N2306000021', 'T2300021', 'K00001', 12),
('N2306000022', 'T2300022', 'K00001', 7),
('N2306000023', 'T2300023', 'K00001', 3),
('N2306000024', 'T2300024', 'K00001', 16),
('N2306000025', 'T2300025', 'K00001', 8),
('N2306000026', 'T2300026', 'K00001', 20),
('N2306000027', 'T2300027', 'K00001', 6),
('N2306000028', 'T2300028', 'K00001', 16),
('N2306000029', 'T2300029', 'K00001', 4),
('N2306000030', 'T2300030', 'K00001', 5),
('N2306000031', 'T2300031', 'K00001', 8),
('N2306000032', 'T2300032', 'K00001', 4),
('N2306000033', 'T2300033', 'K00001', 4),
('N2306000034', 'T2300034', 'K00001', 12),
('N2306000035', 'T2300035', 'K00001', 6),
('N2306000036', 'T2300036', 'K00001', 13),
('N2306000037', 'T2300037', 'K00001', 16),
('N2306000038', 'T2300038', 'K00001', 6),
('N2306000039', 'T2300039', 'K00001', 8),
('N2306000040', 'T2300040', 'K00001', 9),
('N2306000041', 'T2300041', 'K00001', 6),
('N2306000042', 'T2300042', 'K00001', 4),
('N2306000043', 'T2300043', 'K00001', 12),
('N2306000044', 'T2300044', 'K00001', 12),
('N2306000045', 'T2300045', 'K00001', 8),
('N2306000046', 'T2300046', 'K00001', 4),
('N2306000047', 'T2300047', 'K00001', 6),
('N2306000048', 'T2300048', 'K00001', 9),
('N2306000049', 'T2300049', 'K00001', 7),
('N2306000050', 'T2300050', 'K00001', 4),
('N2306000051', 'T2300051', 'K00001', 6),
('N2306000052', 'T2300052', 'K00001', 8),
('N2306000053', 'T2300053', 'K00001', 9),
('N2306000054', 'T2300054', 'K00001', 6),
('N2306000055', 'T2300001', 'K00002', 24),
('N2306000056', 'T2300002', 'K00002', 15),
('N2306000057', 'T2300003', 'K00002', 5),
('N2306000058', 'T2300004', 'K00002', 12),
('N2306000059', 'T2300005', 'K00002', 7),
('N2306000060', 'T2300006', 'K00002', 8),
('N2306000061', 'T2300007', 'K00002', 18),
('N2306000062', 'T2300008', 'K00002', 29),
('N2306000063', 'T2300009', 'K00002', 15),
('N2306000064', 'T2300010', 'K00002', 17),
('N2306000065', 'T2300011', 'K00002', 9),
('N2306000066', 'T2300012', 'K00002', 4),
('N2306000067', 'T2300013', 'K00002', 12),
('N2306000068', 'T2300014', 'K00002', 31),
('N2306000069', 'T2300015', 'K00002', 27),
('N2306000070', 'T2300016', 'K00002', 16),
('N2306000071', 'T2300017', 'K00002', 12),
('N2306000072', 'T2300018', 'K00002', 21),
('N2306000073', 'T2300019', 'K00002', 23),
('N2306000074', 'T2300020', 'K00002', 30),
('N2306000075', 'T2300021', 'K00002', 29),
('N2306000076', 'T2300022', 'K00002', 22),
('N2306000077', 'T2300023', 'K00002', 17),
('N2306000078', 'T2300024', 'K00002', 14),
('N2306000079', 'T2300025', 'K00002', 11),
('N2306000080', 'T2300026', 'K00002', 8),
('N2306000081', 'T2300027', 'K00002', 12),
('N2306000082', 'T2300028', 'K00002', 16),
('N2306000083', 'T2300029', 'K00002', 19),
('N2306000084', 'T2300030', 'K00002', 23),
('N2306000085', 'T2300031', 'K00002', 22),
('N2306000086', 'T2300032', 'K00002', 11),
('N2306000087', 'T2300033', 'K00002', 7),
('N2306000088', 'T2300034', 'K00002', 14),
('N2306000089', 'T2300035', 'K00002', 6),
('N2306000090', 'T2300036', 'K00002', 12),
('N2306000091', 'T2300037', 'K00002', 5),
('N2306000092', 'T2300038', 'K00002', 10),
('N2306000093', 'T2300039', 'K00002', 11),
('N2306000094', 'T2300040', 'K00002', 22),
('N2306000095', 'T2300041', 'K00002', 5),
('N2306000096', 'T2300042', 'K00002', 3),
('N2306000097', 'T2300043', 'K00002', 7),
('N2306000098', 'T2300044', 'K00002', 12),
('N2306000099', 'T2300045', 'K00002', 24),
('N2306000100', 'T2300046', 'K00002', 11),
('N2306000101', 'T2300047', 'K00002', 14),
('N2306000102', 'T2300048', 'K00002', 19),
('N2306000103', 'T2300049', 'K00002', 11),
('N2306000104', 'T2300050', 'K00002', 15),
('N2306000105', 'T2300051', 'K00002', 6),
('N2306000106', 'T2300052', 'K00002', 4),
('N2306000107', 'T2300053', 'K00002', 9),
('N2306000108', 'T2300054', 'K00002', 12),
('N2306000109', 'T2300001', 'K00003', 10),
('N2306000110', 'T2300002', 'K00003', 10),
('N2306000111', 'T2300003', 'K00003', 9),
('N2306000112', 'T2300004', 'K00003', 8),
('N2306000113', 'T2300005', 'K00003', 4),
('N2306000114', 'T2300006', 'K00003', 9),
('N2306000115', 'T2300007', 'K00003', 4),
('N2306000116', 'T2300008', 'K00003', 5),
('N2306000117', 'T2300009', 'K00003', 6),
('N2306000118', 'T2300010', 'K00003', 7),
('N2306000119', 'T2300011', 'K00003', 11),
('N2306000120', 'T2300012', 'K00003', 7),
('N2306000121', 'T2300013', 'K00003', 11),
('N2306000122', 'T2300014', 'K00003', 11),
('N2306000123', 'T2300015', 'K00003', 10),
('N2306000124', 'T2300016', 'K00003', 8),
('N2306000125', 'T2300017', 'K00003', 6),
('N2306000126', 'T2300018', 'K00003', 12),
('N2306000127', 'T2300019', 'K00003', 11),
('N2306000128', 'T2300020', 'K00003', 9),
('N2306000129', 'T2300021', 'K00003', 7),
('N2306000130', 'T2300022', 'K00003', 12),
('N2306000131', 'T2300023', 'K00003', 9),
('N2306000132', 'T2300024', 'K00003', 10),
('N2306000133', 'T2300025', 'K00003', 7),
('N2306000134', 'T2300026', 'K00003', 6),
('N2306000135', 'T2300027', 'K00003', 9),
('N2306000136', 'T2300028', 'K00003', 5),
('N2306000137', 'T2300029', 'K00003', 4),
('N2306000138', 'T2300030', 'K00003', 9),
('N2306000139', 'T2300031', 'K00003', 11),
('N2306000140', 'T2300032', 'K00003', 12),
('N2306000141', 'T2300033', 'K00003', 9),
('N2306000142', 'T2300034', 'K00003', 10),
('N2306000143', 'T2300035', 'K00003', 2),
('N2306000144', 'T2300036', 'K00003', 3),
('N2306000145', 'T2300037', 'K00003', 9),
('N2306000146', 'T2300038', 'K00003', 4),
('N2306000147', 'T2300039', 'K00003', 2),
('N2306000148', 'T2300040', 'K00003', 2),
('N2306000149', 'T2300041', 'K00003', 2),
('N2306000150', 'T2300042', 'K00003', 5),
('N2306000151', 'T2300043', 'K00003', 3),
('N2306000152', 'T2300044', 'K00003', 1),
('N2306000153', 'T2300045', 'K00003', 2),
('N2306000154', 'T2300046', 'K00003', 7),
('N2306000155', 'T2300047', 'K00003', 3),
('N2306000156', 'T2300048', 'K00003', 3),
('N2306000157', 'T2300049', 'K00003', 3),
('N2306000158', 'T2300050', 'K00003', 2),
('N2306000159', 'T2300051', 'K00003', 2),
('N2306000160', 'T2300052', 'K00003', 1),
('N2306000161', 'T2300053', 'K00003', 4),
('N2306000162', 'T2300054', 'K00003', 2),
('N2306000163', 'T2300001', 'K00004', 86),
('N2306000164', 'T2300002', 'K00004', 80),
('N2306000165', 'T2300003', 'K00004', 96),
('N2306000166', 'T2300004', 'K00004', 75),
('N2306000167', 'T2300005', 'K00004', 78),
('N2306000168', 'T2300006', 'K00004', 82),
('N2306000169', 'T2300007', 'K00004', 83),
('N2306000170', 'T2300008', 'K00004', 76),
('N2306000171', 'T2300009', 'K00004', 77),
('N2306000172', 'T2300010', 'K00004', 81),
('N2306000173', 'T2300011', 'K00004', 90),
('N2306000174', 'T2300012', 'K00004', 80),
('N2306000175', 'T2300013', 'K00004', 71),
('N2306000176', 'T2300014', 'K00004', 78),
('N2306000177', 'T2300015', 'K00004', 81),
('N2306000178', 'T2300016', 'K00004', 83),
('N2306000179', 'T2300017', 'K00004', 88),
('N2306000180', 'T2300018', 'K00004', 76),
('N2306000181', 'T2300019', 'K00004', 79),
('N2306000182', 'T2300020', 'K00004', 77),
('N2306000183', 'T2300021', 'K00004', 77),
('N2306000184', 'T2300022', 'K00004', 80),
('N2306000185', 'T2300023', 'K00004', 84),
('N2306000186', 'T2300024', 'K00004', 88),
('N2306000187', 'T2300025', 'K00004', 81),
('N2306000188', 'T2300026', 'K00004', 89),
('N2306000189', 'T2300027', 'K00004', 78),
('N2306000190', 'T2300028', 'K00004', 77),
('N2306000191', 'T2300029', 'K00004', 70),
('N2306000192', 'T2300030', 'K00004', 89),
('N2306000193', 'T2300031', 'K00004', 88),
('N2306000194', 'T2300032', 'K00004', 88),
('N2306000195', 'T2300033', 'K00004', 71),
('N2306000196', 'T2300034', 'K00004', 76),
('N2306000197', 'T2300035', 'K00004', 78),
('N2306000198', 'T2300036', 'K00004', 86),
('N2306000199', 'T2300037', 'K00004', 71),
('N2306000200', 'T2300038', 'K00004', 83),
('N2306000201', 'T2300039', 'K00004', 88),
('N2306000202', 'T2300040', 'K00004', 87),
('N2306000203', 'T2300041', 'K00004', 86),
('N2306000204', 'T2300042', 'K00004', 79),
('N2306000205', 'T2300043', 'K00004', 85),
('N2306000206', 'T2300044', 'K00004', 89),
('N2306000207', 'T2300045', 'K00004', 90),
('N2306000208', 'T2300046', 'K00004', 75),
('N2306000209', 'T2300047', 'K00004', 74),
('N2306000210', 'T2300048', 'K00004', 86),
('N2306000211', 'T2300049', 'K00004', 80),
('N2306000212', 'T2300050', 'K00004', 84),
('N2306000213', 'T2300051', 'K00004', 76),
('N2306000214', 'T2300052', 'K00004', 71),
('N2306000215', 'T2300053', 'K00004', 78),
('N2306000216', 'T2300054', 'K00004', 84),
('N2306000217', 'T2300001', 'K00005', 8),
('N2306000218', 'T2300002', 'K00005', 5),
('N2306000219', 'T2300003', 'K00005', 8),
('N2306000220', 'T2300004', 'K00005', 10),
('N2306000221', 'T2300005', 'K00005', 7),
('N2306000222', 'T2300006', 'K00005', 7),
('N2306000223', 'T2300007', 'K00005', 8),
('N2306000224', 'T2300008', 'K00005', 9),
('N2306000225', 'T2300009', 'K00005', 8),
('N2306000226', 'T2300010', 'K00005', 8),
('N2306000227', 'T2300011', 'K00005', 5),
('N2306000228', 'T2300012', 'K00005', 6),
('N2306000229', 'T2300013', 'K00005', 7),
('N2306000230', 'T2300014', 'K00005', 8),
('N2306000231', 'T2300015', 'K00005', 8),
('N2306000232', 'T2300016', 'K00005', 7),
('N2306000233', 'T2300017', 'K00005', 9),
('N2306000234', 'T2300018', 'K00005', 9),
('N2306000235', 'T2300019', 'K00005', 6),
('N2306000236', 'T2300020', 'K00005', 5),
('N2306000237', 'T2300021', 'K00005', 5),
('N2306000238', 'T2300022', 'K00005', 9),
('N2306000239', 'T2300023', 'K00005', 6),
('N2306000240', 'T2300024', 'K00005', 7),
('N2306000241', 'T2300025', 'K00005', 5),
('N2306000242', 'T2300026', 'K00005', 8),
('N2306000243', 'T2300027', 'K00005', 8),
('N2306000244', 'T2300028', 'K00005', 9),
('N2306000245', 'T2300029', 'K00005', 7),
('N2306000246', 'T2300030', 'K00005', 7),
('N2306000247', 'T2300031', 'K00005', 6),
('N2306000248', 'T2300032', 'K00005', 6),
('N2306000249', 'T2300033', 'K00005', 8),
('N2306000250', 'T2300034', 'K00005', 8),
('N2306000251', 'T2300035', 'K00005', 7),
('N2306000252', 'T2300036', 'K00005', 8),
('N2306000253', 'T2300037', 'K00005', 6),
('N2306000254', 'T2300038', 'K00005', 7),
('N2306000255', 'T2300039', 'K00005', 9),
('N2306000256', 'T2300040', 'K00005', 7),
('N2306000257', 'T2300041', 'K00005', 5),
('N2306000258', 'T2300042', 'K00005', 9),
('N2306000259', 'T2300043', 'K00005', 7),
('N2306000260', 'T2300044', 'K00005', 6),
('N2306000261', 'T2300045', 'K00005', 7),
('N2306000262', 'T2300046', 'K00005', 7),
('N2306000263', 'T2300047', 'K00005', 8),
('N2306000264', 'T2300048', 'K00005', 5),
('N2306000265', 'T2300049', 'K00005', 6),
('N2306000266', 'T2300050', 'K00005', 9),
('N2306000267', 'T2300051', 'K00005', 6),
('N2306000268', 'T2300052', 'K00005', 6),
('N2306000269', 'T2300053', 'K00005', 7),
('N2306000270', 'T2300054', 'K00005', 8);

-- --------------------------------------------------------

--
-- Struktur dari tabel `tb_unit`
--

CREATE TABLE `tb_unit` (
  `id_unit` varchar(6) NOT NULL,
  `id_user` varchar(25) DEFAULT NULL,
  `nm_unit` varchar(25) DEFAULT NULL,
  `kepala_unit` varchar(25) DEFAULT NULL
) ENGINE=InnoDB DEFAULT CHARSET=latin1;

--
-- Dumping data untuk tabel `tb_unit`
--

INSERT INTO `tb_unit` (`id_unit`, `id_user`, `nm_unit`, `kepala_unit`) VALUES
('A00001', 'U2300004', 'Unit 1', 'Kepala Unit 1'),
('A00002', 'U2300006', 'Unit 2', 'Kepala Unit 2');

-- --------------------------------------------------------

--
-- Struktur dari tabel `tb_user`
--

CREATE TABLE `tb_user` (
  `id_user` varchar(25) NOT NULL,
  `username` varchar(25) DEFAULT NULL,
  `password` varchar(25) DEFAULT NULL,
  `nm_pengguna` varchar(25) DEFAULT NULL,
  `level` enum('ADMIN','KARYAWAN','KEPALA UNIT') DEFAULT NULL
) ENGINE=InnoDB DEFAULT CHARSET=latin1;

--
-- Dumping data untuk tabel `tb_user`
--

INSERT INTO `tb_user` (`id_user`, `username`, `password`, `nm_pengguna`, `level`) VALUES
('U2300001', 'admin', 'admin', 'Admin HRD', 'ADMIN'),
('U2300002', 'admin2', 'admin2', 'ADMIN 2', 'ADMIN'),
('U2300003', 'karyawan1', 'karyawan1', 'Karyawan 1', 'KARYAWAN'),
('U2300004', 'kepala', 'kepala', 'Kepala Unit 1', 'KEPALA UNIT'),
('U2300005', 'karyawan2', 'karyawan2', 'Karaywan 2', 'KARYAWAN'),
('U2300006', 'kepala2', 'kepala2', 'Kepala Unit 2', 'KEPALA UNIT');

--
-- Indexes for dumped tables
--

--
-- Indeks untuk tabel `tb_batas_kontrak`
--
ALTER TABLE `tb_batas_kontrak`
  ADD PRIMARY KEY (`id_batas_kontrak`);

--
-- Indeks untuk tabel `tb_hasil_penilaian`
--
ALTER TABLE `tb_hasil_penilaian`
  ADD PRIMARY KEY (`id_hasil`);

--
-- Indeks untuk tabel `tb_karyawan_kontrak`
--
ALTER TABLE `tb_karyawan_kontrak`
  ADD PRIMARY KEY (`id_karyawan`);

--
-- Indeks untuk tabel `tb_kriteria`
--
ALTER TABLE `tb_kriteria`
  ADD PRIMARY KEY (`id_kriteria`);

--
-- Indeks untuk tabel `tb_penilaian_karyawan`
--
ALTER TABLE `tb_penilaian_karyawan`
  ADD PRIMARY KEY (`id_penilaian_karyawan`);

--
-- Indeks untuk tabel `tb_unit`
--
ALTER TABLE `tb_unit`
  ADD PRIMARY KEY (`id_unit`);

--
-- Indeks untuk tabel `tb_user`
--
ALTER TABLE `tb_user`
  ADD PRIMARY KEY (`id_user`);
COMMIT;

/*!40101 SET CHARACTER_SET_CLIENT=@OLD_CHARACTER_SET_CLIENT */;
/*!40101 SET CHARACTER_SET_RESULTS=@OLD_CHARACTER_SET_RESULTS */;
/*!40101 SET COLLATION_CONNECTION=@OLD_COLLATION_CONNECTION */;
